--
-- PostgreSQL database dump
--

-- Dumped from database version 15.3
-- Dumped by pg_dump version 15.3

-- Started on 2024-01-27 12:13:39

SET statement_timeout = 0;
SET lock_timeout = 0;
SET idle_in_transaction_session_timeout = 0;
SET client_encoding = 'UTF8';
SET standard_conforming_strings = on;
SELECT pg_catalog.set_config('search_path', '', false);
SET check_function_bodies = false;
SET xmloption = content;
SET client_min_messages = warning;
SET row_security = off;

--
-- TOC entry 3375 (class 0 OID 158670)
-- Dependencies: 215
-- Data for Name: Users; Type: TABLE DATA; Schema: public; Owner: postgres
--

COPY public."Users" ("UserID", "Username", "PasswordHash", "FullName", "Email", "Address", "DateOfBirth", "Gender", "PhoneNumber", "isAdmin", "AuthenticationType", "AuthProviderID", "AuthProviderToken", "DateCreated") FROM stdin;
1	21120553	$2b$10$SCwREpgb0Nommi65CiYruuelfFbMyhxV2TMoVz6eI./AbDil/Oktu	\N	21120553@student.hcmus.edu.vn	\N	\N	\N	\N	f	\N	\N	\N	2024-01-27 05:06:00.567+07
\.


--
-- TOC entry 3385 (class 0 OID 158734)
-- Dependencies: 225
-- Data for Name: Carts; Type: TABLE DATA; Schema: public; Owner: postgres
--

COPY public."Carts" ("CartID", "UserID", "DateCreated") FROM stdin;
1	1	2024-01-27 05:25:05.966+07
\.


--
-- TOC entry 3377 (class 0 OID 158679)
-- Dependencies: 217
-- Data for Name: Categories; Type: TABLE DATA; Schema: public; Owner: postgres
--

COPY public."Categories" ("CategoryID", "CategoryName", "ParentID") FROM stdin;
1	Điện thoại	\N
2	Laptop	\N
3	Máy tính bảng	\N
4	Tai nghe	\N
5	Loa	\N
6	iPhone	1
7	Samsung	1
8	Xiaomi	1
9	Oppo	1
10	Vivo	1
11	MacBook	2
12	Dell	2
13	HP	2
14	Lenovo	2
15	ASUS	2
16	iPad	3
17	Samsung	3
18	Microsoft	3
19	Lenovo	3
20	Huawei	3
21	AirPods	4
22	Sony	4
23	Bose	4
24	Sennheise	4
25	JBL	4
26	JBL Flip	5
27	Sony SRS-XB	5
28	Marshall Emberton	5
29	Bose SoundLink	5
30	UE Boom	5
\.


--
-- TOC entry 3379 (class 0 OID 158691)
-- Dependencies: 219
-- Data for Name: Products; Type: TABLE DATA; Schema: public; Owner: postgres
--

COPY public."Products" ("ProductID", "ProductName", "Description", "Price", "StockQuantity", "CategoryID", "ImageURL", "Discount", "Detail") FROM stdin;
43	iPhone 14 Pro Max 1TB	Màn hình Super Retina XDR 6.7 inch, chip A16 Bionic mạnh mẽ, camera 48MP, pin dung lượng lớn.	54990000.00	20	6	images/products/1.JPG	5	<span>Thông số kỹ thuật:</span>\n        <ul>\n            <li>Màn hình: Super Retina XDR 6.7 inch, OLED, 2778 x 1284 pixel</li>\n            <li>Chip: A16 Bionic</li>\n            <li>RAM: 6GB</li>\n            <li>ROM: 1TB</li>\n            <li>Camera chính: 48MP, camera góc siêu rộng: 12MP, camera tele: 12MP</li>\n            <li>Camera trước: 12MP</li>\n            <li>Pin: 4352mAh</li>\n        </ul>
130	MacBook Pro 14 M6 16TB	Màn hình Mini-LED 14.2 inch, chip M6, RAM 512GB, SSD 16TB.	29999000.00	20	11	images/products/88.JPG	5	<span>Thông số kỹ thuật:</span>\n        <ul>\n            <li>Màn hình: Mini-LED 14.2 inch, 3024 x 1964 pixel</li>\n            <li>Chip: Apple M6</li>\n            <li>RAM: 512GB</li>\n            <li>Ổ cứng: SSD 16TB</li>\n            <li>Pin: Li-Po 58.2Wh</li>\n        </ul>
167	Asus Chromebook Flip C434	Màn hình FHD 14 inch, chip Intel Core m3, RAM 4GB, eMMC 64GB.	12999000.00	20	15	images/products/125.JPG	5	<span>Thông số kỹ thuật:</span>\n        <ul>\n            <li>Màn hình: FHD 14 inch, 1920 x 1080 pixel</li>\n            <li>Chip: Intel Core m3</li>\n            <li>RAM: 4GB</li>\n            <li>Ổ cứng: eMMC 64GB</li>\n            <li>Pin: 48Wh</li>\n        </ul>
168	Asus ROG Strix G15	Màn hình FHD 15.6 inch, chip Intel Core i7, GPU NVIDIA GeForce RTX 3070, RAM 32GB, SSD 1TB.	44999000.00	20	15	images/products/126.JPG	5	<span>Thông số kỹ thuật:</span>\n        <ul>\n            <li>Màn hình: FHD 15.6 inch, 1920 x 1080 pixel</li>\n            <li>Chip: Intel Core i7</li>\n            <li>GPU: NVIDIA GeForce RTX 3070</li>\n            <li>RAM: 32GB</li>\n            <li>Ổ cứng: SSD 1TB</li>\n        </ul>
169	Asus ZenBook 14	Màn hình FHD 14 inch, chip AMD Ryzen 5, RAM 8GB, SSD 256GB.	19999000.00	20	15	images/products/127.JPG	5	<span>Thông số kỹ thuật:</span>\n        <ul>\n            <li>Màn hình: FHD 14 inch, 1920 x 1080 pixel</li>\n            <li>Chip: AMD Ryzen 5</li>\n            <li>RAM: 8GB</li>\n            <li>Ổ cứng: SSD 256GB</li>\n            <li>Pin: 67Wh</li>\n        </ul>
170	Asus VivoBook Flip 14	Màn hình FHD 14 inch, chip Intel Core i5, RAM 8GB, SSD 512GB.	15999000.00	20	15	images/products/128.JPG	5	<span>Thông số kỹ thuật:</span>\n        <ul>\n            <li>Màn hình: FHD 14 inch, 1920 x 1080 pixel</li>\n            <li>Chip: Intel Core i5</li>\n            <li>RAM: 8GB</li>\n            <li>Ổ cứng: SSD 512GB</li>\n            <li>Pin: 42Wh</li>\n        </ul>
171	Asus ROG Zephyrus G15	Màn hình QHD 15.6 inch, chip AMD Ryzen 9, GPU NVIDIA GeForce RTX 3080, RAM 32GB, SSD 1TB.	49999000.00	20	15	images/products/129.JPG	5	<span>Thông số kỹ thuật:</span>\n        <ul>\n            <li>Màn hình: QHD 15.6 inch, 2560 x 1440 pixel</li>\n            <li>Chip: AMD Ryzen 9</li>\n            <li>GPU: NVIDIA GeForce RTX 3080</li>\n            <li>RAM: 32GB</li>\n            <li>Ổ cứng: SSD 1TB</li>\n        </ul>
131	MacBook Air M6 16TB	Màn hình Retina 13.3 inch, chip M6, RAM 128GB, SSD 16TB.	35999000.00	20	11	images/products/89.JPG	5	<span>Thông số kỹ thuật:</span>\n        <ul>\n            <li>Màn hình: Retina 13.3 inch, 2560 x 1600 pixel</li>\n            <li>Chip: Apple M6</li>\n            <li>RAM: 128GB</li>\n            <li>Ổ cứng: SSD 16TB</li>\n            <li>Pin: Li-Po 49.9Wh</li>\n        </ul>
132	MacBook Pro 16 M6 32TB	Màn hình Mini-LED 16.2 inch, chip M6, RAM 1TB, SSD 32TB.	49999000.00	20	11	images/products/90.JPG	5	<span>Thông số kỹ thuật:</span>\n        <ul>\n            <li>Màn hình: Mini-LED 16.2 inch, 3456 x 2234 pixel</li>\n            <li>Chip: Apple M6</li>\n            <li>RAM: 1TB</li>\n            <li>Ổ cứng: SSD 32TB</li>\n            <li>Pin: Li-Po 99.8Wh</li>\n        </ul>
133	Dell XPS 15	Màn hình InfinityEdge 15.6 inch, chip Intel Core i9, RAM 32GB, SSD 1TB.	43999000.00	20	12	images/products/91.JPG	5	<span>Thông số kỹ thuật:</span>\n        <ul>\n            <li>Màn hình: InfinityEdge 15.6 inch, 3840 x 2400 pixel</li>\n            <li>Chip: Intel Core i9</li>\n            <li>RAM: 32GB</li>\n            <li>Ổ cứng: SSD 1TB</li>\n            <li>Pin: 86Wh</li>\n        </ul>
134	Dell Inspiron 13 2-in-1	Màn hình FHD 13.3 inch, chip Intel Core i7, RAM 16GB, SSD 512GB.	31999000.00	20	12	images/products/92.JPG	5	<span>Thông số kỹ thuật:</span>\n        <ul>\n            <li>Màn hình: FHD 13.3 inch, 1920 x 1080 pixel</li>\n            <li>Chip: Intel Core i7</li>\n            <li>RAM: 16GB</li>\n            <li>Ổ cứng: SSD 512GB</li>\n            <li>Pin: 51Wh</li>\n        </ul>
135	Dell G5 15 Gaming	Màn hình FHD 15.6 inch, chip Intel Core i7, GPU NVIDIA GeForce RTX 3060, RAM 16GB, SSD 512GB.	64999000.00	20	12	images/products/93.JPG	5	<span>Thông số kỹ thuật:</span>\n        <ul>\n            <li>Màn hình: FHD 15.6 inch, 1920 x 1080 pixel</li>\n            <li>Chip: Intel Core i7</li>\n            <li>GPU: NVIDIA GeForce RTX 3060</li>\n            <li>RAM: 16GB</li>\n            <li>Ổ cứng: SSD 512GB</li>\n        </ul>
136	Dell Latitude 14	Màn hình FHD 14 inch, chip Intel Core i5, RAM 8GB, SSD 256GB.	22999000.00	20	12	images/products/94.JPG	5	<span>Thông số kỹ thuật:</span>\n        <ul>\n            <li>Màn hình: FHD 14 inch, 1920 x 1080 pixel</li>\n            <li>Chip: Intel Core i5</li>\n            <li>RAM: 8GB</li>\n            <li>Ổ cứng: SSD 256GB</li>\n            <li>Pin: 68Wh</li>\n        </ul>
137	Dell Precision 15	Màn hình UltraSharp 15.6 inch, chip Intel Xeon, GPU NVIDIA Quadro, RAM 64GB, SSD 2TB.	78999000.00	20	12	images/products/95.JPG	5	<span>Thông số kỹ thuật:</span>\n        <ul>\n            <li>Màn hình: UltraSharp 15.6 inch, 3840 x 2160 pixel</li>\n            <li>Chip: Intel Xeon</li>\n            <li>GPU: NVIDIA Quadro</li>\n            <li>RAM: 64GB</li>\n            <li>Ổ cứng: SSD 2TB</li>\n        </ul>
147	HP Elite Dragonfly	Màn hình FHD 13.3 inch, chip Intel Core i5, RAM 16GB, SSD 512GB.	28999000.00	20	13	images/products/105.JPG	5	<span>Thông số kỹ thuật:</span>\n        <ul>\n            <li>Màn hình: FHD 13.3 inch, 1920 x 1080 pixel</li>\n            <li>Chip: Intel Core i5</li>\n            <li>RAM: 16GB</li>\n            <li>Ổ cứng: SSD 512GB</li>\n            <li>Pin: 38Wh</li>\n        </ul>
148	HP Pavilion 14	Màn hình FHD 14 inch, chip Intel Core i3, RAM 4GB, SSD 128GB.	12999000.00	20	13	images/products/106.JPG	5	<span>Thông số kỹ thuật:</span>\n        <ul>\n            <li>Màn hình: FHD 14 inch, 1920 x 1080 pixel</li>\n            <li>Chip: Intel Core i3</li>\n            <li>RAM: 4GB</li>\n            <li>Ổ cứng: SSD 128GB</li>\n            <li>Pin: 41Wh</li>\n        </ul>
149	HP Spectre Folio	Màn hình FHD 13.3 inch, chip Intel Core i5, RAM 8GB, SSD 256GB.	19999000.00	20	13	images/products/107.JPG	5	<span>Thông số kỹ thuật:</span>\n        <ul>\n            <li>Màn hình: FHD 13.3 inch, 1920 x 1080 pixel</li>\n            <li>Chip: Intel Core i5</li>\n            <li>RAM: 8GB</li>\n            <li>Ổ cứng: SSD 256GB</li>\n            <li>Pin: 54.5Wh</li>\n        </ul>
150	HP Envy x360	Màn hình FHD 15.6 inch, chip AMD Ryzen 7, RAM 16GB, SSD 512GB.	26999000.00	20	13	images/products/108.JPG	5	<span>Thông số kỹ thuật:</span>\n        <ul>\n            <li>Màn hình: FHD 15.6 inch, 1920 x 1080 pixel</li>\n            <li>Chip: AMD Ryzen 7</li>\n            <li>RAM: 16GB</li>\n            <li>Ổ cứng: SSD 512GB</li>\n            <li>Pin: 51Wh</li>\n        </ul>
151	HP EliteBook x360	Màn hình FHD 13.3 inch, chip Intel Core i7, RAM 16GB, SSD 1TB.	31999000.00	20	13	images/products/109.JPG	5	<span>Thông số kỹ thuật:</span>\n        <ul>\n            <li>Màn hình: FHD 13.3 inch, 1920 x 1080 pixel</li>\n            <li>Chip: Intel Core i7</li>\n            <li>RAM: 16GB</li>\n            <li>Ổ cứng: SSD 1TB</li>\n            <li>Pin: 56.2Wh</li>\n        </ul>
152	HP Pavilion Gaming 15	Màn hình FHD 15.6 inch, chip Intel Core i5, GPU NVIDIA GeForce GTX 1650, RAM 8GB, SSD 256GB.	20999000.00	20	13	images/products/110.JPG	5	<span>Thông số kỹ thuật:</span>\n        <ul>\n            <li>Màn hình: FHD 15.6 inch, 1920 x 1080 pixel</li>\n            <li>Chip: Intel Core i5</li>\n            <li>GPU: NVIDIA GeForce GTX 1650</li>\n            <li>RAM: 8GB</li>\n            <li>Ổ cứng: SSD 256GB</li>\n        </ul>
153	Lenovo ThinkPad X1 Carbon	Màn hình WQHD 14 inch, chip Intel Core i7, RAM 16GB, SSD 512GB.	34999000.00	20	14	images/products/111.JPG	5	<span>Thông số kỹ thuật:</span>\n        <ul>\n            <li>Màn hình: WQHD 14 inch, 2560 x 1440 pixel</li>\n            <li>Chip: Intel Core i7</li>\n            <li>RAM: 16GB</li>\n            <li>Ổ cứng: SSD 512GB</li>\n            <li>Pin: 51Wh</li>\n        </ul>
154	Lenovo Legion 5	Màn hình FHD 15.6 inch, chip AMD Ryzen 7, GPU NVIDIA GeForce GTX 1660 Ti, RAM 32GB, SSD 1TB.	29999000.00	20	14	images/products/112.JPG	5	<span>Thông số kỹ thuật:</span>\n        <ul>\n            <li>Màn hình: FHD 15.6 inch, 1920 x 1080 pixel</li>\n            <li>Chip: AMD Ryzen 7</li>\n            <li>GPU: NVIDIA GeForce GTX 1660 Ti</li>\n            <li>RAM: 32GB</li>\n            <li>Ổ cứng: SSD 1TB</li>\n        </ul>
155	Lenovo Yoga C940	Màn hình UHD 14 inch, chip Intel Core i7, RAM 16GB, SSD 1TB.	43999000.00	20	14	images/products/113.JPG	5	<span>Thông số kỹ thuật:</span>\n        <ul>\n            <li>Màn hình: UHD 14 inch, 3840 x 2160 pixel</li>\n            <li>Chip: Intel Core i7</li>\n            <li>RAM: 16GB</li>\n            <li>Ổ cứng: SSD 1TB</li>\n            <li>Pin: 60Wh</li>\n        </ul>
156	Lenovo IdeaPad Flex 5	Màn hình FHD 14 inch, chip AMD Ryzen 5, RAM 8GB, SSD 256GB.	18999000.00	20	14	images/products/114.JPG	5	<span>Thông số kỹ thuật:</span>\n        <ul>\n            <li>Màn hình: FHD 14 inch, 1920 x 1080 pixel</li>\n            <li>Chip: AMD Ryzen 5</li>\n            <li>RAM: 8GB</li>\n            <li>Ổ cứng: SSD 256GB</li>\n            <li>Pin: 52.5Wh</li>\n        </ul>
157	Lenovo ThinkBook 14	Màn hình FHD 14 inch, chip Intel Core i5, RAM 12GB, SSD 512GB.	21999000.00	20	14	images/products/115.JPG	5	<span>Thông số kỹ thuật:</span>\n        <ul>\n            <li>Màn hình: FHD 14 inch, 1920 x 1080 pixel</li>\n            <li>Chip: Intel Core i5</li>\n            <li>RAM: 12GB</li>\n            <li>Ổ cứng: SSD 512GB</li>\n            <li>Pin: 45Wh</li>\n        </ul>
158	Lenovo IdeaPad 5	Màn hình FHD 15.6 inch, chip AMD Ryzen 5, RAM 8GB, SSD 256GB.	18999000.00	20	14	images/products/116.JPG	5	<span>Thông số kỹ thuật:</span>\n        <ul>\n            <li>Màn hình: FHD 15.6 inch, 1920 x 1080 pixel</li>\n            <li>Chip: AMD Ryzen 5</li>\n            <li>RAM: 8GB</li>\n            <li>Ổ cứng: SSD 256GB</li>\n            <li>Pin: 57Wh</li>\n        </ul>
160	Lenovo Legion 7	Màn hình QHD 15.6 inch, chip AMD Ryzen 9, GPU NVIDIA GeForce RTX 3080, RAM 32GB, SSD 1TB.	42999000.00	20	14	images/products/118.JPG	5	<span>Thông số kỹ thuật:</span>\n        <ul>\n            <li>Màn hình: QHD 15.6 inch, 2560 x 1440 pixel</li>\n            <li>Chip: AMD Ryzen 9</li>\n            <li>GPU: NVIDIA GeForce RTX 3080</li>\n            <li>RAM: 32GB</li>\n            <li>Ổ cứng: SSD 1TB</li>\n        </ul>
161	Lenovo ThinkBook 15	Màn hình FHD 15.6 inch, chip Intel Core i7, RAM 16GB, SSD 512GB.	27999000.00	20	14	images/products/119.JPG	5	<span>Thông số kỹ thuật:</span>\n        <ul>\n            <li>Màn hình: FHD 15.6 inch, 1920 x 1080 pixel</li>\n            <li>Chip: Intel Core i7</li>\n            <li>RAM: 16GB</li>\n            <li>Ổ cứng: SSD 512GB</li>\n            <li>Pin: 57Wh</li>\n        </ul>
162	Lenovo Yoga Slim 7	Màn hình FHD 14 inch, chip AMD Ryzen 7, RAM 16GB, SSD 1TB.	24999000.00	20	14	images/products/120.JPG	5	<span>Thông số kỹ thuật:</span>\n        <ul>\n            <li>Màn hình: FHD 14 inch, 1920 x 1080 pixel</li>\n            <li>Chip: AMD Ryzen 7</li>\n            <li>RAM: 16GB</li>\n            <li>Ổ cứng: SSD 1TB</li>\n            <li>Pin: 60Wh</li>\n        </ul>
163	Asus ROG Zephyrus G14	Màn hình QHD 14 inch, chip AMD Ryzen 9, GPU NVIDIA GeForce RTX 3060, RAM 16GB, SSD 1TB.	38999000.00	20	15	images/products/121.JPG	5	<span>Thông số kỹ thuật:</span>\n        <ul>\n            <li>Màn hình: QHD 14 inch, 2560 x 1440 pixel</li>\n            <li>Chip: AMD Ryzen 9</li>\n            <li>GPU: NVIDIA GeForce RTX 3060</li>\n            <li>RAM: 16GB</li>\n            <li>Ổ cứng: SSD 1TB</li>\n        </ul>
164	Asus ZenBook Duo	Màn hình FHD 14 inch, chip Intel Core i7, RAM 16GB, SSD 512GB.	29999000.00	20	15	images/products/122.JPG	5	<span>Thông số kỹ thuật:</span>\n        <ul>\n            <li>Màn hình: FHD 14 inch, 1920 x 1080 pixel</li>\n            <li>Chip: Intel Core i7</li>\n            <li>RAM: 16GB</li>\n            <li>Ổ cứng: SSD 512GB</li>\n            <li>Pin: 70Wh</li>\n        </ul>
51	iPhone 14 mini 1TB	Màn hình Super Retina XDR 5.4 inch, chip A16 Bionic mạnh mẽ, camera 48MP, pin dung lượng lớn.	59990000.00	20	6	images/products/9.JPG	5	<span>Thông số kỹ thuật:</span>\n        <ul>\n            <li>Màn hình: Super Retina XDR 5.4 inch, OLED, 2340 x 1080 pixel</li>\n            <li>Chip: A16 Bionic</li>\n            <li>RAM: 4GB</li>\n            <li>ROM: 1TB</li>\n            <li>Camera chính: 48MP, camera góc siêu rộng: 12MP, camera tele: 12MP</li>\n            <li>Camera trước: 12MP</li>\n            <li>Pin: 2406mAh</li>\n        </ul>
52	iPhone 13 Pro Max 1TB	Màn hình Super Retina XDR 6.7 inch, chip A15 Bionic mạnh mẽ, camera 12MP, pin dung lượng lớn.	54990000.00	20	6	images/products/10.JPG	5	<span>Thông số kỹ thuật:</span>\n        <ul>\n            <li>Màn hình: Super Retina XDR 6.7 inch, OLED, 2778 x 1284 pixel</li>\n            <li>Chip: A15 Bionic</li>\n            <li>RAM: 6GB</li>\n            <li>ROM: 1TB</li>\n            <li>Camera chính: 12MP, camera góc siêu rộng: 12MP, camera tele: 12MP</li>\n            <li>Camera trước: 12MP</li>\n            <li>Pin: 4352mAh</li>\n        </ul>
53	iPhone 13 Pro 512GB	Màn hình Super Retina XDR 6.1 inch, chip A15 Bionic mạnh mẽ, camera 12MP, pin dung lượng lớn.	54990000.00	20	6	images/products/11.JPG	5	<span>Thông số kỹ thuật:</span>\n        <ul>\n            <li>Màn hình: Super Retina XDR 6.1 inch, OLED, 2532 x 1170 pixel</li>\n            <li>Chip: A15 Bionic</li>\n            <li>RAM: 6GB</li>\n            <li>ROM: 512GB</li>\n            <li>Camera chính: 12MP, camera góc siêu rộng: 12MP, camera tele: 12MP</li>\n            <li>Camera trước: 12MP</li>\n            <li>Pin: 3095mAh</li>\n        </ul>
54	iPhone 13 256GB	Màn hình Super Retina XDR 6.1 inch, chip A15 Bionic mạnh mẽ, camera 12MP, pin dung lượng lớn.	49990000.00	20	6	images/products/12.JPG	5	<span>Thông số kỹ thuật:</span>\n        <ul>\n            <li>Màn hình: Super Retina XDR 6.1 inch, OLED, 2532 x 1170 pixel</li>\n            <li>Chip: A15 Bionic</li>\n            <li>RAM: 4GB</li>\n            <li>ROM: 256GB</li>\n            <li>Camera chính: 12MP, camera góc siêu rộng: 12MP, camera tele: 12MP</li>\n            <li>Camera trước: 12MP</li>\n            <li>Pin: 3095mAh</li>\n        </ul>
56	iPhone 12 Pro 512GB	Màn hình Super Retina XDR 6.1 inch, chip A14 Bionic mạnh mẽ, camera 12MP, pin dung lượng lớn.	44990000.00	20	6	images/products/14.JPG	5	<span>Thông số kỹ thuật:</span>\n        <ul>\n            <li>Màn hình: Super Retina XDR 6.1 inch, OLED, 2532 x 1170 pixel</li>\n            <li>Chip: A14 Bionic</li>\n            <li>RAM: 6GB</li>\n            <li>ROM: 512GB</li>\n            <li>Camera chính: 12MP, camera góc siêu rộng: 12MP, camera tele: 12MP</li>\n            <li>Camera trước: 12MP</li>\n            <li>Pin: 2815mAh</li>\n        </ul>
57	iPhone 12 256GB	Màn hình Super Retina XDR 6.1 inch, chip A14 Bionic mạnh mẽ, camera 12MP, pin dung lượng lớn.	39990000.00	20	6	images/products/15.JPG	5	<span>Thông số kỹ thuật:</span>\n        <ul>\n            <li>Màn hình: Super Retina XDR 6.1 inch, OLED, 2532 x 1170 pixel</li>\n            <li>Chip: A14 Bionic</li>\n            <li>RAM: 4GB</li>\n            <li>ROM: 256GB</li>\n            <li>Camera chính: 12MP, camera góc siêu rộng: 12MP, camera tele: 12MP</li>\n            <li>Camera trước: 12MP</li>\n            <li>Pin: 2815mAh</li>\n        </ul>
58	iPhone 11 Pro Max 512GB	Màn hình Super Retina XDR 6.5 inch, chip A13 Bionic mạnh mẽ, camera 12MP, pin dung lượng lớn.	39990000.00	20	6	images/products/16.JPG	5	<span>Thông số kỹ thuật:</span>\n        <ul>\n            <li>Màn hình: Super Retina XDR 6.5 inch, OLED, 2688 x 1242 pixel</li>\n            <li>Chip: A13 Bionic</li>\n            <li>RAM: 4GB</li>\n            <li>ROM: 512GB</li>\n            <li>Camera chính: 12MP, camera góc siêu rộng: 12MP, camera tele: 12MP</li>\n            <li>Camera trước: 12MP</li>\n            <li>Pin: 3969mAh</li>\n        </ul>
59	iPhone 11 Pro 256GB	Màn hình Super Retina XDR 5.8 inch, chip A13 Bionic mạnh mẽ, camera 12MP, pin dung lượng lớn.	34990000.00	20	6	images/products/17.JPG	5	<span>Thông số kỹ thuật:</span>\n        <ul>\n            <li>Màn hình: Super Retina XDR 5.8 inch, OLED, 2436 x 1125 pixel</li>\n            <li>Chip: A13 Bionic</li>\n            <li>RAM: 4GB</li>\n            <li>ROM: 256GB</li>\n            <li>Camera chính: 12MP, camera góc siêu rộng: 12MP, camera tele: 12MP</li>\n            <li>Camera trước: 12MP</li>\n            <li>Pin: 3110mAh</li>\n        </ul>
60	iPhone 11 128GB	Màn hình Super Retina XDR 6.1 inch, chip A13 Bionic mạnh mẽ, camera 12MP, pin dung lượng lớn.	29990000.00	20	6	images/products/18.JPG	5	<span>Thông số kỹ thuật:</span>\n        <ul>\n            <li>Màn hình: Super Retina XDR 6.1 inch, OLED, 2532 x 1170 pixel</li>\n            <li>Chip: A13 Bionic</li>\n            <li>RAM: 4GB</li>\n            <li>ROM: 128GB</li>\n            <li>Camera chính: 12MP, camera góc siêu rộng: 12MP</li>\n            <li>Camera trước: 12MP</li>\n            <li>Pin: 3110mAh</li>\n        </ul>
61	iPhone XS Max 512GB	Màn hình Super Retina OLED 6.5 inch, chip A12 Bionic, camera 12MP, pin dung lượng lớn.	34990000.00	20	6	images/products/19.JPG	5	<span>Thông số kỹ thuật:</span>\n        <ul>\n            <li>Màn hình: Super Retina OLED 6.5 inch, 2688 x 1242 pixel</li>\n            <li>Chip: A12 Bionic</li>\n            <li>RAM: 4GB</li>\n            <li>ROM: 512GB</li>\n            <li>Camera chính: 12MP, camera góc siêu rộng: 12MP</li>\n            <li>Camera trước: 7MP</li>\n            <li>Pin: 3174mAh</li>\n        </ul>
62	iPhone XS 256GB	Màn hình Super Retina OLED 5.8 inch, chip A12 Bionic, camera 12MP, pin dung lượng lớn.	29990000.00	20	6	images/products/20.JPG	5	<span>Thông số kỹ thuật:</span>\n        <ul>\n            <li>Màn hình: Super Retina OLED 5.8 inch, 2436 x 1125 pixel</li>\n            <li>Chip: A12 Bionic</li>\n            <li>RAM: 4GB</li>\n            <li>ROM: 256GB</li>\n            <li>Camera chính: 12MP, camera góc siêu rộng: 12MP</li>\n            <li>Camera trước: 7MP</li>\n            <li>Pin: 2658mAh</li>\n        </ul>
138	Dell XPS 17	Màn hình InfinityEdge 17 inch, chip Intel Core i9, RAM 64GB, SSD 2TB.	56999000.00	20	12	images/products/96.JPG	5	<span>Thông số kỹ thuật:</span>\n        <ul>\n            <li>Màn hình: InfinityEdge 17 inch, 3840 x 2400 pixel</li>\n            <li>Chip: Intel Core i9</li>\n            <li>RAM: 64GB</li>\n            <li>Ổ cứng: SSD 2TB</li>\n            <li>Pin: 97Wh</li>\n        </ul>
139	Dell Inspiron 15	Màn hình FHD 15.6 inch, chip Intel Core i5, RAM 12GB, SSD 512GB.	34999000.00	20	12	images/products/97.JPG	5	<span>Thông số kỹ thuật:</span>\n        <ul>\n            <li>Màn hình: FHD 15.6 inch, 1920 x 1080 pixel</li>\n            <li>Chip: Intel Core i5</li>\n            <li>RAM: 12GB</li>\n            <li>Ổ cứng: SSD 512GB</li>\n            <li>Pin: 42Wh</li>\n        </ul>
140	Dell G7 17 Gaming	Màn hình FHD 17.3 inch, chip Intel Core i7, GPU NVIDIA GeForce RTX 3080, RAM 32GB, SSD 1TB.	89999000.00	20	12	images/products/98.JPG	5	<span>Thông số kỹ thuật:</span>\n        <ul>\n            <li>Màn hình: FHD 17.3 inch, 1920 x 1080 pixel</li>\n            <li>Chip: Intel Core i7</li>\n            <li>GPU: NVIDIA GeForce RTX 3080</li>\n            <li>RAM: 32GB</li>\n            <li>Ổ cứng: SSD 1TB</li>\n        </ul>
141	Dell Latitude 15	Màn hình FHD 15.6 inch, chip Intel Core i5, RAM 16GB, SSD 1TB.	41999000.00	20	12	images/products/99.JPG	5	<span>Thông số kỹ thuật:</span>\n        <ul>\n            <li>Màn hình: FHD 15.6 inch, 1920 x 1080 pixel</li>\n            <li>Chip: Intel Core i5</li>\n            <li>RAM: 16GB</li>\n            <li>Ổ cứng: SSD 1TB</li>\n            <li>Pin: 68Wh</li>\n        </ul>
142	Dell Precision 17	Màn hình UltraSharp 17 inch, chip Intel Xeon, GPU NVIDIA Quadro, RAM 128GB, SSD 4TB.	10999900.00	20	12	images/products/100.JPG	5	<span>Thông số kỹ thuật:</span>\n        <ul>\n            <li>Màn hình: UltraSharp 17 inch, 3840 x 2400 pixel</li>\n            <li>Chip: Intel Xeon</li>\n            <li>GPU: NVIDIA Quadro</li>\n            <li>RAM: 128GB</li>\n            <li>Ổ cứng: SSD 4TB</li>\n        </ul>
143	HP Spectre x360	Màn hình OLED 13.3 inch, chip Intel Core i7, RAM 16GB, SSD 1TB.	36999000.00	20	13	images/products/101.JPG	5	<span>Thông số kỹ thuật:</span>\n        <ul>\n            <li>Màn hình: OLED 13.3 inch, 1920 x 1080 pixel</li>\n            <li>Chip: Intel Core i7</li>\n            <li>RAM: 16GB</li>\n            <li>Ổ cứng: SSD 1TB</li>\n            <li>Pin: 60Wh</li>\n        </ul>
144	HP Envy 15	Màn hình 4K UHD 15.6 inch, chip Intel Core i9, GPU NVIDIA GeForce RTX 3060, RAM 32GB, SSD 2TB.	56999000.00	20	13	images/products/102.JPG	5	<span>Thông số kỹ thuật:</span>\n        <ul>\n            <li>Màn hình: 4K UHD 15.6 inch, 3840 x 2160 pixel</li>\n            <li>Chip: Intel Core i9</li>\n            <li>GPU: NVIDIA GeForce RTX 3060</li>\n            <li>RAM: 32GB</li>\n            <li>Ổ cứng: SSD 2TB</li>\n        </ul>
63	iPhone XR 64GB	Màn hình Liquid Retina LCD 6.1 inch, chip A12 Bionic, camera 12MP, pin dung lượng lớn.	24990000.00	20	6	images/products/21.JPG	5	<span>Thông số kỹ thuật:</span>\n        <ul>\n            <li>Màn hình: Liquid Retina LCD 6.1 inch, 1792 x 828 pixel</li>\n            <li>Chip: A12 Bionic</li>\n            <li>RAM: 3GB</li>\n            <li>ROM: 64GB</li>\n            <li>Camera chính: 12MP</li>\n            <li>Camera trước: 7MP</li>\n            <li>Pin: 2942mAh</li>\n        </ul>
64	Samsung Galaxy Z Fold 4	Màn hình AMOLED 6.7 inch, chip Exynos 2200, camera 108MP, pin 4500mAh.	69990000.00	20	7	images/products/22.JPG	5	<span>Thông số kỹ thuật:</span>\n        <ul>\n            <li>Màn hình: AMOLED 6.7 inch, 2208 x 1768 pixel</li>\n            <li>Chip: Exynos 2200</li>\n            <li>RAM: 8GB</li>\n            <li>ROM: 256GB</li>\n            <li>Camera chính: 108MP, camera góc siêu rộng: 12MP, camera tele: 8MP</li>\n            <li>Camera trước: 16MP</li>\n            <li>Pin: 4500mAh</li>\n        </ul>
44	iPhone 14 Pro 256GB	Màn hình Super Retina XDR 6.1 inch, chip A16 Bionic mạnh mẽ, camera 48MP, pin dung lượng lớn.	49990000.00	20	6	images/products/2.JPG	5	<span>Thông số kỹ thuật:</span>\n        <ul>\n            <li>Màn hình: Super Retina XDR 6.1 inch, OLED, 2532 x 1170 pixel</li>\n            <li>Chip: A16 Bionic</li>\n            <li>RAM: 6GB</li>\n            <li>ROM: 256GB</li>\n            <li>Camera chính: 48MP, camera góc siêu rộng: 12MP, camera tele: 12MP</li>\n            <li>Camera trước: 12MP</li>\n            <li>Pin: 3095mAh</li>\n        </ul>
45	iPhone 14 128GB	Màn hình Super Retina XDR 6.1 inch, chip A16 Bionic mạnh mẽ, camera 48MP, pin dung lượng lớn.	44990000.00	20	6	images/products/3.JPG	5	<span>Thông số kỹ thuật:</span>\n        <ul>\n            <li>Màn hình: Super Retina XDR 6.1 inch, OLED, 2532 x 1170 pixel</li>\n            <li>Chip: A16 Bionic</li>\n            <li>RAM: 4GB</li>\n            <li>ROM: 128GB</li>\n            <li>Camera chính: 48MP, camera góc siêu rộng: 12MP, camera tele: 12MP</li>\n            <li>Camera trước: 12MP</li>\n            <li>Pin: 3095mAh</li>\n        </ul>
46	iPhone 14 mini 64GB	Màn hình Super Retina XDR 5.4 inch, chip A16 Bionic mạnh mẽ, camera 48MP, pin dung lượng lớn.	39990000.00	20	6	images/products/4.JPG	5	<span>Thông số kỹ thuật:</span>\n        <ul>\n            <li>Màn hình: Super Retina XDR 5.4 inch, OLED, 2340 x 1080 pixel</li>\n            <li>Chip: A16 Bionic</li>\n            <li>RAM: 4GB</li>\n            <li>ROM: 64GB</li>\n            <li>Camera chính: 48MP, camera góc siêu rộng: 12MP, camera tele: 12MP</li>\n            <li>Camera trước: 12MP</li>\n            <li>Pin: 2406mAh</li>\n        </ul>
65	Samsung Galaxy S24	Màn hình Dynamic AMOLED 6.5 inch, chip Exynos 2200, camera 64MP, pin 5000mAh.	59990000.00	20	7	images/products/23.JPG	5	<span>Thông số kỹ thuật:</span>\n        <ul>\n            <li>Màn hình: Dynamic AMOLED 6.5 inch, 2400 x 1080 pixel</li>\n            <li>Chip: Exynos 2200</li>\n            <li>RAM: 6GB</li>\n            <li>ROM: 128GB</li>\n            <li>Camera chính: 64MP, camera góc siêu rộng: 12MP, camera tele: 8MP</li>\n            <li>Camera trước: 32MP</li>\n            <li>Pin: 5000mAh</li>\n        </ul>
66	Samsung Galaxy Z Flip 4	Màn hình AMOLED 6.7 inch, chip Exynos 2100, camera 108MP, pin 4000mAh.	59990000.00	20	7	images/products/24.JPG	5	<span>Thông số kỹ thuật:</span>\n        <ul>\n            <li>Màn hình: AMOLED 6.7 inch, 2640 x 1080 pixel</li>\n            <li>Chip: Exynos 2100</li>\n            <li>RAM: 8GB</li>\n            <li>ROM: 256GB</li>\n            <li>Camera chính: 108MP, camera góc siêu rộng: 12MP, camera tele: 8MP</li>\n            <li>Camera trước: 16MP</li>\n            <li>Pin: 4000mAh</li>\n        </ul>
67	Samsung Galaxy Tab S8	Màn hình Super AMOLED 11 inch, chip Snapdragon 8cx Gen 3, RAM 8GB, bút S Pen đi kèm.	21990000.00	20	7	images/products/25.JPG	5	<span>Thông số kỹ thuật:</span>\n        <ul>\n            <li>Màn hình: Super AMOLED 11 inch, 2560 x 1600 pixel</li>\n            <li>Chip: Snapdragon 8cx Gen 3</li>\n            <li>RAM: 8GB</li>\n            <li>Bộ nhớ trong: 128GB</li>\n            <li>Pin: 8000mAh</li>\n        </ul>
68	Samsung Galaxy S21 FE	Màn hình Dynamic AMOLED 6.4 inch, chip Snapdragon 888, camera 64MP, pin 4500mAh.	14999000.00	20	7	images/products/26.JPG	5	<span>Thông số kỹ thuật:</span>\n        <ul>\n            <li>Màn hình: Dynamic AMOLED 6.4 inch, 2400 x 1080 pixel</li>\n            <li>Chip: Snapdragon 888</li>\n            <li>RAM: 6GB</li>\n            <li>ROM: 128GB</li>\n            <li>Camera chính: 64MP, camera góc siêu rộng: 12MP, camera tele: 8MP</li>\n            <li>Camera trước: 32MP</li>\n            <li>Pin: 4500mAh</li>\n        </ul>
69	Samsung Galaxy A53	Màn hình Super AMOLED 6.4 inch, chip Exynos 1200, camera 64MP, pin 4500mAh.	34990000.00	20	7	images/products/27.JPG	5	<span>Thông số kỹ thuật:</span>\n        <ul>\n            <li>Màn hình: Super AMOLED 6.4 inch, 2400 x 1080 pixel</li>\n            <li>Chip: Exynos 1200</li>\n            <li>RAM: 6GB</li>\n            <li>ROM: 128GB</li>\n            <li>Camera chính: 64MP, camera góc siêu rộng: 12MP, camera macro: 5MP</li>\n            <li>Camera trước: 32MP</li>\n            <li>Pin: 4500mAh</li>\n        </ul>
70	Samsung Galaxy Note 10	Màn hình AMOLED 6.3 inch, chip Exynos 9825, camera 12MP, pin 3500mAh.	49990000.00	20	7	images/products/28.JPG	5	<span>Thông số kỹ thuật:</span>\n        <ul>\n            <li>Màn hình: AMOLED 6.3 inch, 2280 x 1080 pixel</li>\n            <li>Chip: Exynos 9825</li>\n            <li>RAM: 8GB</li>\n            <li>ROM: 256GB</li>\n            <li>Camera chính: 12MP, camera góc siêu rộng: 16MP, camera tele: 12MP</li>\n            <li>Camera trước: 10MP</li>\n            <li>Pin: 3500mAh</li>\n        </ul>
71	Samsung Galaxy A82	Màn hình Super AMOLED 6.7 inch, chip Snapdragon 778G, camera 64MP, pin 4500mAh.	37990000.00	20	7	images/products/29.JPG	5	<span>Thông số kỹ thuật:</span>\n        <ul>\n            <li>Màn hình: Super AMOLED 6.7 inch, 2400 x 1080 pixel</li>\n            <li>Chip: Snapdragon 778G</li>\n            <li>RAM: 6GB</li>\n            <li>ROM: 128GB</li>\n            <li>Camera chính: 64MP, camera góc siêu rộng: 12MP, camera macro: 5MP</li>\n            <li>Camera trước: 32MP</li>\n            <li>Pin: 4500mAh</li>\n        </ul>
72	Samsung Galaxy A03s	Màn hình PLS TFT 6.5 inch, chip MediaTek MT6765, camera 13MP, pin 5000mAh.	3490000.00	20	7	images/products/30.JPG	5	<span>Thông số kỹ thuật:</span>\n        <ul>\n            <li>Màn hình: PLS TFT 6.5 inch, 1600 x 720 pixel</li>\n            <li>Chip: MediaTek MT6765</li>\n            <li>RAM: 3GB</li>\n            <li>ROM: 32GB</li>\n            <li>Camera chính: 13MP, camera macro: 2MP, camera góc siêu rộng: 2MP</li>\n            <li>Camera trước: 5MP</li>\n            <li>Pin: 5000mAh</li>\n        </ul>
73	Samsung Galaxy M32	Màn hình Super AMOLED 6.4 inch, chip MediaTek Helio G80, camera 64MP, pin 6000mAh.	6990000.00	20	7	images/products/31.JPG	5	<span>Thông số kỹ thuật:</span>\n        <ul>\n            <li>Màn hình: Super AMOLED 6.4 inch, 2400 x 1080 pixel</li>\n            <li>Chip: MediaTek Helio G80</li>\n            <li>RAM: 4GB</li>\n            <li>ROM: 64GB</li>\n            <li>Camera chính: 64MP, camera góc siêu rộng: 8MP, camera macro: 2MP</li>\n            <li>Camera trước: 20MP</li>\n            <li>Pin: 6000mAh</li>\n        </ul>
74	Samsung Galaxy A52s	Màn hình Super AMOLED 6.5 inch, chip Snapdragon 778G, camera 64MP, pin 4500mAh.	32990000.00	20	7	images/products/32.JPG	5	<span>Thông số kỹ thuật:</span>\n        <ul>\n            <li>Màn hình: Super AMOLED 6.5 inch, 2400 x 1080 pixel</li>\n            <li>Chip: Snapdragon 778G</li>\n            <li>RAM: 6GB</li>\n            <li>ROM: 128GB</li>\n            <li>Camera chính: 64MP, camera góc siêu rộng: 12MP, camera macro: 5MP</li>\n            <li>Camera trước: 32MP</li>\n            <li>Pin: 4500mAh</li>\n        </ul>
75	Samsung Galaxy A72	Màn hình Super AMOLED 6.7 inch, chip Snapdragon 720G, camera 64MP, pin 5000mAh.	42990000.00	20	7	images/products/33.JPG	5	<span>Thông số kỹ thuật:</span>\n        <ul>\n            <li>Màn hình: Super AMOLED 6.7 inch, 2400 x 1080 pixel</li>\n            <li>Chip: Snapdragon 720G</li>\n            <li>RAM: 6GB</li>\n            <li>ROM: 128GB</li>\n            <li>Camera chính: 64MP, camera góc siêu rộng: 12MP, camera tele: 8MP</li>\n            <li>Camera trước: 32MP</li>\n            <li>Pin: 5000mAh</li>\n        </ul>
76	Samsung Galaxy M52	Màn hình Super AMOLED 6.6 inch, chip Snapdragon 778G, camera 108MP, pin 6000mAh.	49990000.00	20	7	images/products/34.JPG	5	<span>Thông số kỹ thuật:</span>\n        <ul>\n            <li>Màn hình: Super AMOLED 6.6 inch, 2400 x 1080 pixel</li>\n            <li>Chip: Snapdragon 778G</li>\n            <li>RAM: 8GB</li>\n            <li>ROM: 256GB</li>\n            <li>Camera chính: 108MP, camera góc siêu rộng: 12MP, camera macro: 5MP</li>\n            <li>Camera trước: 32MP</li>\n            <li>Pin: 6000mAh</li>\n        </ul>
165	Asus VivoBook S15	Màn hình FHD 15.6 inch, chip Intel Core i5, RAM 8GB, SSD 512GB.	15999000.00	20	15	images/products/123.JPG	5	<span>Thông số kỹ thuật:</span>\n        <ul>\n            <li>Màn hình: FHD 15.6 inch, 1920 x 1080 pixel</li>\n            <li>Chip: Intel Core i5</li>\n            <li>RAM: 8GB</li>\n            <li>Ổ cứng: SSD 512GB</li>\n            <li>Pin: 42Wh</li>\n        </ul>
77	Samsung Galaxy F42 5G	Màn hình Super AMOLED 6.4 inch, chip Dimensity 700, camera 48MP, pin 5000mAh.	18990000.00	20	7	images/products/35.JPG	5	<span>Thông số kỹ thuật:</span>\n        <ul>\n            <li>Màn hình: Super AMOLED 6.4 inch, 2400 x 1080 pixel</li>\n            <li>Chip: Dimensity 700</li>\n            <li>RAM: 6GB</li>\n            <li>ROM: 128GB</li>\n            <li>Camera chính: 48MP, camera góc siêu rộng: 8MP, camera macro: 5MP</li>\n            <li>Camera trước: 20MP</li>\n            <li>Pin: 5000mAh</li>\n        </ul>
78	Xiaomi Redmi Note 10	Màn hình AMOLED 6.43 inch, chip Snapdragon 678, camera 48MP, pin 5000mAh.	4490000.00	20	8	images/products/36.JPG	5	<span>Thông số kỹ thuật:</span>\n        <ul>\n            <li>Màn hình: AMOLED 6.43 inch, 1080 x 2400 pixel</li>\n            <li>Chip: Snapdragon 678</li>\n            <li>RAM: 4GB</li>\n            <li>ROM: 64GB</li>\n            <li>Camera chính: 48MP, camera góc siêu rộng: 8MP, camera macro: 2MP</li>\n            <li>Camera trước: 13MP</li>\n            <li>Pin: 5000mAh</li>\n        </ul>
79	Xiaomi Mi 11 Lite	Màn hình AMOLED 6.55 inch, chip Snapdragon 732G, camera 64MP, pin 4250mAh.	6990000.00	20	8	images/products/37.JPG	5	<span>Thông số kỹ thuật:</span>\n        <ul>\n            <li>Màn hình: AMOLED 6.55 inch, 1080 x 2400 pixel</li>\n            <li>Chip: Snapdragon 732G</li>\n            <li>RAM: 6GB</li>\n            <li>ROM: 128GB</li>\n            <li>Camera chính: 64MP, camera góc siêu rộng: 8MP, camera macro: 5MP</li>\n            <li>Camera trước: 16MP</li>\n            <li>Pin: 4250mAh</li>\n        </ul>
80	Xiaomi Poco X3 Pro	Màn hình IPS LCD 6.67 inch, chip Snapdragon 860, camera 48MP, pin 5160mAh.	6490000.00	20	8	images/products/38.JPG	5	<span>Thông số kỹ thuật:</span>\n        <ul>\n            <li>Màn hình: IPS LCD 6.67 inch, 1080 x 2400 pixel</li>\n            <li>Chip: Snapdragon 860</li>\n            <li>RAM: 6GB</li>\n            <li>ROM: 128GB</li>\n            <li>Camera chính: 48MP, camera góc siêu rộng: 8MP, camera macro: 2MP</li>\n            <li>Camera trước: 20MP</li>\n            <li>Pin: 5160mAh</li>\n        </ul>
172	Asus TUF Gaming F15	Màn hình FHD 15.6 inch, chip Intel Core i5, GPU NVIDIA GeForce GTX 1650 Ti, RAM 16GB, SSD 512GB.	24999000.00	20	15	images/products/130.JPG	5	<span>Thông số kỹ thuật:</span>\n        <ul>\n            <li>Màn hình: FHD 15.6 inch, 1920 x 1080 pixel</li>\n            <li>Chip: Intel Core i5</li>\n            <li>GPU: NVIDIA GeForce GTX 1650 Ti</li>\n            <li>RAM: 16GB</li>\n            <li>Ổ cứng: SSD 512GB</li>\n        </ul>
81	Xiaomi Redmi 10	Màn hình IPS LCD 6.5 inch, chip MediaTek Helio G88, camera 50MP, pin 5000mAh.	3490000.00	20	8	images/products/39.JPG	5	<span>Thông số kỹ thuật:</span>\n        <ul>\n            <li>Màn hình: IPS LCD 6.5 inch, 1080 x 2400 pixel</li>\n            <li>Chip: MediaTek Helio G88</li>\n            <li>RAM: 4GB</li>\n            <li>ROM: 64GB</li>\n            <li>Camera chính: 50MP, camera góc siêu rộng: 8MP, camera macro: 2MP</li>\n            <li>Camera trước: 8MP</li>\n            <li>Pin: 5000mAh</li>\n        </ul>
82	Xiaomi Mi 11 Pro	Màn hình AMOLED 6.81 inch, chip Snapdragon 888, camera 108MP, pin 5000mAh.	19999000.00	20	8	images/products/40.JPG	5	<span>Thông số kỹ thuật:</span>\n        <ul>\n            <li>Màn hình: AMOLED 6.81 inch, 1440 x 3200 pixel</li>\n            <li>Chip: Snapdragon 888</li>\n            <li>RAM: 8GB</li>\n            <li>ROM: 128GB</li>\n            <li>Camera chính: 108MP, camera góc siêu rộng: 13MP, camera tele: 5MP</li>\n            <li>Camera trước: 20MP</li>\n            <li>Pin: 5000mAh</li>\n        </ul>
83	Xiaomi Redmi Note 10 Pro	Màn hình Super AMOLED 6.67 inch, chip Snapdragon 732G, camera 108MP, pin 5020mAh.	5590000.00	20	8	images/products/41.JPG	5	<span>Thông số kỹ thuật:</span>\n        <ul>\n            <li>Màn hình: Super AMOLED 6.67 inch, 1080 x 2400 pixel</li>\n            <li>Chip: Snapdragon 732G</li>\n            <li>RAM: 6GB</li>\n            <li>ROM: 128GB</li>\n            <li>Camera chính: 108MP, camera góc siêu rộng: 8MP, camera macro: 5MP</li>\n            <li>Camera trước: 16MP</li>\n            <li>Pin: 5020mAh</li>\n        </ul>
84	Xiaomi Poco M3	Màn hình IPS LCD 6.53 inch, chip Snapdragon 662, camera 48MP, pin 6000mAh.	3790000.00	20	8	images/products/42.JPG	5	<span>Thông số kỹ thuật:</span>\n        <ul>\n            <li>Màn hình: IPS LCD 6.53 inch, 1080 x 2340 pixel</li>\n            <li>Chip: Snapdragon 662</li>\n            <li>RAM: 4GB</li>\n            <li>ROM: 64GB</li>\n            <li>Camera chính: 48MP, camera góc siêu rộng: 8MP, camera macro: 2MP</li>\n            <li>Camera trước: 8MP</li>\n            <li>Pin: 6000mAh</li>\n        </ul>
85	Xiaomi Mi 10T Pro	Màn hình IPS LCD 6.67 inch, chip Snapdragon 865, camera 108MP, pin 5000mAh.	10990000.00	20	8	images/products/43.JPG	5	<span>Thông số kỹ thuật:</span>\n        <ul>\n            <li>Màn hình: IPS LCD 6.67 inch, 1080 x 2400 pixel</li>\n            <li>Chip: Snapdragon 865</li>\n            <li>RAM: 8GB</li>\n            <li>ROM: 256GB</li>\n            <li>Camera chính: 108MP, camera góc siêu rộng: 13MP, camera macro: 5MP</li>\n            <li>Camera trước: 20MP</li>\n            <li>Pin: 5000mAh</li>\n        </ul>
86	Xiaomi Redmi 9A	Màn hình IPS LCD 6.53 inch, chip MediaTek Helio G25, camera 13MP, pin 5000mAh.	1990000.00	20	8	images/products/44.JPG	5	<span>Thông số kỹ thuật:</span>\n        <ul>\n            <li>Màn hình: IPS LCD 6.53 inch, 720 x 1600 pixel</li>\n            <li>Chip: MediaTek Helio G25</li>\n            <li>RAM: 2GB</li>\n            <li>ROM: 32GB</li>\n            <li>Camera chính: 13MP</li>\n            <li>Camera trước: 5MP</li>\n            <li>Pin: 5000mAh</li>\n        </ul>
145	HP Pavilion x360	Màn hình FHD 14 inch, chip Intel Core i5, RAM 8GB, SSD 256GB.	18999000.00	20	13	images/products/103.JPG	5	<span>Thông số kỹ thuật:</span>\n        <ul>\n            <li>Màn hình: FHD 14 inch, 1920 x 1080 pixel</li>\n            <li>Chip: Intel Core i5</li>\n            <li>RAM: 8GB</li>\n            <li>Ổ cứng: SSD 256GB</li>\n            <li>Pin: 41Wh</li>\n        </ul>
87	Xiaomi Black Shark 4	Màn hình AMOLED 6.67 inch, chip Snapdragon 870, camera 48MP, pin 4500mAh.	11990000.00	20	8	images/products/45.JPG	5	<span>Thông số kỹ thuật:</span>\n        <ul>\n            <li>Màn hình: AMOLED 6.67 inch, 1080 x 2400 pixel</li>\n            <li>Chip: Snapdragon 870</li>\n            <li>RAM: 8GB</li>\n            <li>ROM: 128GB</li>\n            <li>Camera chính: 48MP, camera góc siêu rộng: 8MP, camera macro: 5MP</li>\n            <li>Camera trước: 20MP</li>\n            <li>Pin: 4500mAh</li>\n        </ul>
88	Xiaomi Redmi Note 9	Màn hình IPS LCD 6.53 inch, chip MediaTek Helio G85, camera 48MP, pin 5020mAh.	3890000.00	20	8	images/products/46.JPG	5	<span>Thông số kỹ thuật:</span>\n        <ul>\n            <li>Màn hình: IPS LCD 6.53 inch, 1080 x 2340 pixel</li>\n            <li>Chip: MediaTek Helio G85</li>\n            <li>RAM: 4GB</li>\n            <li>ROM: 64GB</li>\n            <li>Camera chính: 48MP, camera góc siêu rộng: 8MP, camera macro: 2MP</li>\n            <li>Camera trước: 13MP</li>\n            <li>Pin: 5020mAh</li>\n        </ul>
89	Xiaomi Mi 11 Lite 5G	Màn hình AMOLED 6.55 inch, chip Snapdragon 780G, camera 64MP, pin 4250mAh.	8990000.00	20	8	images/products/47.JPG	5	<span>Thông số kỹ thuật:</span>\n        <ul>\n            <li>Màn hình: AMOLED 6.55 inch, 1080 x 2400 pixel</li>\n            <li>Chip: Snapdragon 780G</li>\n            <li>RAM: 6GB</li>\n            <li>ROM: 128GB</li>\n            <li>Camera chính: 64MP, camera góc siêu rộng: 8MP, camera macro: 5MP</li>\n            <li>Camera trước: 20MP</li>\n            <li>Pin: 4250mAh</li>\n        </ul>
90	Xiaomi Redmi Note 8	Màn hình IPS LCD 6.3 inch, chip Snapdragon 665, camera 48MP, pin 4000mAh.	2990000.00	20	8	images/products/48.JPG	5	<span>Thông số kỹ thuật:</span>\n        <ul>\n            <li>Màn hình: IPS LCD 6.3 inch, 1080 x 2340 pixel</li>\n            <li>Chip: Snapdragon 665</li>\n            <li>RAM: 4GB</li>\n            <li>ROM: 64GB</li>\n            <li>Camera chính: 48MP, camera góc siêu rộng: 8MP, camera macro: 2MP</li>\n            <li>Camera trước: 13MP</li>\n            <li>Pin: 4000mAh</li>\n        </ul>
91	Xiaomi Mi 10T Lite	Màn hình IPS LCD 6.67 inch, chip Snapdragon 750G, camera 64MP, pin 4820mAh.	4990000.00	20	8	images/products/49.JPG	5	<span>Thông số kỹ thuật:</span>\n        <ul>\n            <li>Màn hình: IPS LCD 6.67 inch, 1080 x 2400 pixel</li>\n            <li>Chip: Snapdragon 750G</li>\n            <li>RAM: 6GB</li>\n            <li>ROM: 128GB</li>\n            <li>Camera chính: 64MP, camera góc siêu rộng: 8MP, camera macro: 2MP</li>\n            <li>Camera trước: 16MP</li>\n            <li>Pin: 4820mAh</li>\n        </ul>
92	Xiaomi Redmi 9T	Màn hình IPS LCD 6.53 inch, chip Snapdragon 662, camera 48MP, pin 6000mAh.	3990000.00	20	8	images/products/50.JPG	5	<span>Thông số kỹ thuật:</span>\n        <ul>\n            <li>Màn hình: IPS LCD 6.53 inch, 1080 x 2340 pixel</li>\n            <li>Chip: Snapdragon 662</li>\n            <li>RAM: 4GB</li>\n            <li>ROM: 128GB</li>\n            <li>Camera chính: 48MP, camera góc siêu rộng: 8MP, camera macro: 2MP</li>\n            <li>Camera trước: 8MP</li>\n            <li>Pin: 6000mAh</li>\n        </ul>
93	Oppo Reno 6	Màn hình AMOLED 6.43 inch, chip Dimensity 900, camera 64MP, pin 4300mAh.	10990000.00	20	9	images/products/51.JPG	5	<span>Thông số kỹ thuật:</span>\n        <ul>\n            <li>Màn hình: AMOLED 6.43 inch, 1080 x 2400 pixel</li>\n            <li>Chip: Dimensity 900</li>\n            <li>RAM: 8GB</li>\n            <li>ROM: 128GB</li>\n            <li>Camera chính: 64MP, camera góc siêu rộng: 8MP, camera macro: 2MP</li>\n            <li>Camera trước: 32MP</li>\n            <li>Pin: 4300mAh</li>\n        </ul>
94	Oppo Find X3 Pro	Màn hình AMOLED 6.7 inch, chip Snapdragon 888, camera 50MP, pin 4500mAh.	23990000.00	20	9	images/products/52.JPG	5	<span>Thông số kỹ thuật:</span>\n        <ul>\n            <li>Màn hình: AMOLED 6.7 inch, 1440 x 3216 pixel</li>\n            <li>Chip: Snapdragon 888</li>\n            <li>RAM: 12GB</li>\n            <li>ROM: 256GB</li>\n            <li>Camera chính: 50MP, camera góc siêu rộng: 50MP, camera tele: 13MP</li>\n            <li>Camera trước: 32MP</li>\n            <li>Pin: 4500mAh</li>\n        </ul>
159	Lenovo ThinkPad L14	Màn hình FHD 14 inch, chip Intel Core i5, RAM 8GB, SSD 256GB.	19999000.00	20	14	images/products/117.JPG	5	<span>Thông số kỹ thuật:</span>\n        <ul>\n            <li>Màn hình: FHD 14 inch, 1920 x 1080 pixel</li>\n            <li>Chip: Intel Core i5</li>\n            <li>RAM: 8GB</li>\n            <li>Ổ cứng: SSD 256GB</li>\n            <li>Pin: 45Wh</li>\n        </ul>
95	Oppo A74	Màn hình AMOLED 6.43 inch, chip Snapdragon 662, camera 48MP, pin 5000mAh.	5990000.00	20	9	images/products/53.JPG	5	<span>Thông số kỹ thuật:</span>\n        <ul>\n            <li>Màn hình: AMOLED 6.43 inch, 1080 x 2400 pixel</li>\n            <li>Chip: Snapdragon 662</li>\n            <li>RAM: 6GB</li>\n            <li>ROM: 128GB</li>\n            <li>Camera chính: 48MP, camera góc siêu rộng: 8MP, camera macro: 2MP</li>\n            <li>Camera trước: 16MP</li>\n            <li>Pin: 5000mAh</li>\n        </ul>
96	Oppo A16	Màn hình IPS LCD 6.52 inch, chip MediaTek Helio G35, camera 13MP, pin 5000mAh.	2990000.00	20	9	images/products/54.JPG	5	<span>Thông số kỹ thuật:</span>\n        <ul>\n            <li>Màn hình: IPS LCD 6.52 inch, 720 x 1600 pixel</li>\n            <li>Chip: MediaTek Helio G35</li>\n            <li>RAM: 3GB</li>\n            <li>ROM: 32GB</li>\n            <li>Camera chính: 13MP, camera góc siêu rộng: 2MP, camera macro: 2MP</li>\n            <li>Camera trước: 8MP</li>\n            <li>Pin: 5000mAh</li>\n        </ul>
97	Oppo F19 Pro	Màn hình AMOLED 6.43 inch, chip MediaTek Dimensity 800U, camera 48MP, pin 4310mAh.	8990000.00	20	9	images/products/55.JPG	5	<span>Thông số kỹ thuật:</span>\n        <ul>\n            <li>Màn hình: AMOLED 6.43 inch, 1080 x 2400 pixel</li>\n            <li>Chip: MediaTek Dimensity 800U</li>\n            <li>RAM: 6GB</li>\n            <li>ROM: 128GB</li>\n            <li>Camera chính: 48MP, camera góc siêu rộng: 8MP, camera macro: 2MP</li>\n            <li>Camera trước: 16MP</li>\n            <li>Pin: 4310mAh</li>\n        </ul>
98	Oppo A53s	Màn hình IPS LCD 6.5 inch, chip MediaTek Helio G35, camera 13MP, pin 5000mAh.	3490000.00	20	9	images/products/56.JPG	5	<span>Thông số kỹ thuật:</span>\n        <ul>\n            <li>Màn hình: IPS LCD 6.5 inch, 720 x 1600 pixel</li>\n            <li>Chip: MediaTek Helio G35</li>\n            <li>RAM: 4GB</li>\n            <li>ROM: 128GB</li>\n            <li>Camera chính: 13MP, camera góc siêu rộng: 2MP, camera macro: 2MP</li>\n            <li>Camera trước: 8MP</li>\n            <li>Pin: 5000mAh</li>\n        </ul>
99	Oppo A74 5G	Màn hình IPS LCD 6.5 inch, chip Snapdragon 480, camera 48MP, pin 5000mAh.	5990000.00	20	9	images/products/57.JPG	5	<span>Thông số kỹ thuật:</span>\n        <ul>\n            <li>Màn hình: IPS LCD 6.5 inch, 1080 x 2400 pixel</li>\n            <li>Chip: Snapdragon 480</li>\n            <li>RAM: 6GB</li>\n            <li>ROM: 128GB</li>\n            <li>Camera chính: 48MP, camera góc siêu rộng: 8MP, camera macro: 2MP</li>\n            <li>Camera trước: 16MP</li>\n            <li>Pin: 5000mAh</li>\n        </ul>
100	Oppo F17 Pro	Màn hình Super AMOLED 6.43 inch, chip MediaTek Helio P95, camera 48MP, pin 4015mAh.	7490000.00	20	9	images/products/58.JPG	5	<span>Thông số kỹ thuật:</span>\n        <ul>\n            <li>Màn hình: Super AMOLED 6.43 inch, 1080 x 2400 pixel</li>\n            <li>Chip: MediaTek Helio P95</li>\n            <li>RAM: 8GB</li>\n            <li>ROM: 128GB</li>\n            <li>Camera chính: 48MP, camera góc siêu rộng: 8MP, camera macro: 2MP</li>\n            <li>Camera trước: 16MP, camera độ sâu: 2MP</li>\n            <li>Pin: 4015mAh</li>\n        </ul>
101	Oppo A94	Màn hình AMOLED 6.43 inch, chip MediaTek Helio P95, camera 48MP, pin 4310mAh.	8490000.00	20	9	images/products/59.JPG	5	<span>Thông số kỹ thuật:</span>\n        <ul>\n            <li>Màn hình: AMOLED 6.43 inch, 1080 x 2400 pixel</li>\n            <li>Chip: MediaTek Helio P95</li>\n            <li>RAM: 8GB</li>\n            <li>ROM: 128GB</li>\n            <li>Camera chính: 48MP, camera góc siêu rộng: 8MP, camera macro: 2MP</li>\n            <li>Camera trước: 32MP</li>\n            <li>Pin: 4310mAh</li>\n        </ul>
102	Oppo Reno 7	Màn hình AMOLED 6.43 inch, chip Dimensity 1200, camera 50MP, pin 4500mAh.	15990000.00	20	9	images/products/60.JPG	5	<span>Thông số kỹ thuật:</span>\n        <ul>\n            <li>Màn hình: AMOLED 6.43 inch, 1080 x 2400 pixel</li>\n            <li>Chip: Dimensity 1200</li>\n            <li>RAM: 8GB</li>\n            <li>ROM: 128GB</li>\n            <li>Camera chính: 50MP, camera góc siêu rộng: 8MP, camera macro: 2MP</li>\n            <li>Camera trước: 32MP</li>\n            <li>Pin: 4500mAh</li>\n        </ul>
103	Oppo A15	Màn hình IPS LCD 6.52 inch, chip MediaTek Helio P35, camera 13MP, pin 4230mAh.	3190000.00	20	9	images/products/61.JPG	5	<span>Thông số kỹ thuật:</span>\n        <ul>\n            <li>Màn hình: IPS LCD 6.52 inch, 720 x 1600 pixel</li>\n            <li>Chip: MediaTek Helio P35</li>\n            <li>RAM: 3GB</li>\n            <li>ROM: 32GB</li>\n            <li>Camera chính: 13MP, camera góc siêu rộng: 2MP, camera macro: 2MP</li>\n            <li>Camera trước: 5MP</li>\n            <li>Pin: 4230mAh</li>\n        </ul>
104	Oppo F15	Màn hình AMOLED 6.4 inch, chip MediaTek Helio P70, camera 48MP, pin 4000mAh.	5490000.00	20	9	images/products/62.JPG	5	<span>Thông số kỹ thuật:</span>\n        <ul>\n            <li>Màn hình: AMOLED 6.4 inch, 1080 x 2400 pixel</li>\n            <li>Chip: MediaTek Helio P70</li>\n            <li>RAM: 8GB</li>\n            <li>ROM: 128GB</li>\n            <li>Camera chính: 48MP, camera góc siêu rộng: 8MP, camera macro: 2MP</li>\n            <li>Camera trước: 16MP</li>\n            <li>Pin: 4000mAh</li>\n        </ul>
105	Oppo A92	Màn hình IPS LCD 6.5 inch, chip Snapdragon 665, camera 48MP, pin 5000mAh.	5990000.00	20	9	images/products/63.JPG	5	<span>Thông số kỹ thuật:</span>\n        <ul>\n            <li>Màn hình: IPS LCD 6.5 inch, 1080 x 2400 pixel</li>\n            <li>Chip: Snapdragon 665</li>\n            <li>RAM: 8GB</li>\n            <li>ROM: 128GB</li>\n            <li>Camera chính: 48MP, camera góc siêu rộng: 8MP, camera macro: 2MP</li>\n            <li>Camera trước: 16MP</li>\n            <li>Pin: 5000mAh</li>\n        </ul>
106	Oppo A53	Màn hình IPS LCD 6.5 inch, chip Snapdragon 460, camera 13MP, pin 5000mAh.	3990000.00	20	9	images/products/64.JPG	5	<span>Thông số kỹ thuật:</span>\n        <ul>\n            <li>Màn hình: IPS LCD 6.5 inch, 720 x 1600 pixel</li>\n            <li>Chip: Snapdragon 460</li>\n            <li>RAM: 4GB</li>\n            <li>ROM: 64GB</li>\n            <li>Camera chính: 13MP, camera góc siêu rộng: 2MP, camera macro: 2MP</li>\n            <li>Camera trước: 16MP</li>\n            <li>Pin: 5000mAh</li>\n        </ul>
107	Oppo F9	Màn hình IPS LCD 6.3 inch, chip MediaTek Helio P60, camera 16MP, pin 3500mAh.	5990000.00	20	9	images/products/65.JPG	5	<span>Thông số kỹ thuật:</span>\n        <ul>\n            <li>Màn hình: IPS LCD 6.3 inch, 1080 x 2340 pixel</li>\n            <li>Chip: MediaTek Helio P60</li>\n            <li>RAM: 4GB</li>\n            <li>ROM: 64GB</li>\n            <li>Camera chính: 16MP, camera góc siêu rộng: 2MP, camera độ sâu: 2MP</li>\n            <li>Camera trước: 16MP</li>\n            <li>Pin: 3500mAh</li>\n        </ul>
108	Vivo V21e	Màn hình AMOLED 6.44 inch, chip MediaTek Dimensity 800U, camera 64MP, pin 4000mAh.	7490000.00	20	10	images/products/66.JPG	5	<span>Thông số kỹ thuật:</span>\n        <ul>\n            <li>Màn hình: AMOLED 6.44 inch, 1080 x 2400 pixel</li>\n            <li>Chip: MediaTek Dimensity 800U</li>\n            <li>RAM: 8GB</li>\n            <li>ROM: 128GB</li>\n            <li>Camera chính: 64MP, camera góc siêu rộng: 8MP, camera macro: 2MP</li>\n            <li>Camera trước: 44MP</li>\n            <li>Pin: 4000mAh</li>\n        </ul>
109	Vivo Y73	Màn hình AMOLED 6.44 inch, chip MediaTek Dimensity 700, camera 64MP, pin 4000mAh.	6890000.00	20	10	images/products/67.JPG	5	<span>Thông số kỹ thuật:</span>\n        <ul>\n            <li>Màn hình: AMOLED 6.44 inch, 1080 x 2400 pixel</li>\n            <li>Chip: MediaTek Dimensity 700</li>\n            <li>RAM: 8GB</li>\n            <li>ROM: 128GB</li>\n            <li>Camera chính: 64MP, camera góc siêu rộng: 8MP, camera macro: 2MP</li>\n            <li>Camera trước: 16MP</li>\n            <li>Pin: 4000mAh</li>\n        </ul>
110	Vivo X60 Pro	Màn hình AMOLED 6.56 inch, chip Exynos 1080, camera 48MP, pin 4200mAh.	12990000.00	20	10	images/products/68.JPG	5	<span>Thông số kỹ thuật:</span>\n        <ul>\n            <li>Màn hình: AMOLED 6.56 inch, 1080 x 2376 pixel</li>\n            <li>Chip: Exynos 1080</li>\n            <li>RAM: 12GB</li>\n            <li>ROM: 256GB</li>\n            <li>Camera chính: 48MP, camera góc siêu rộng: 13MP, camera tele: 13MP</li>\n            <li>Camera trước: 32MP</li>\n            <li>Pin: 4200mAh</li>\n        </ul>
111	Vivo Y21s	Màn hình IPS LCD 6.51 inch, chip MediaTek Helio P35, camera 50MP, pin 5000mAh.	3990000.00	20	10	images/products/69.JPG	5	<span>Thông số kỹ thuật:</span>\n        <ul>\n            <li>Màn hình: IPS LCD 6.51 inch, 720 x 1600 pixel</li>\n            <li>Chip: MediaTek Helio P35</li>\n            <li>RAM: 4GB</li>\n            <li>ROM: 128GB</li>\n            <li>Camera chính: 50MP, camera góc siêu rộng: 8MP, camera macro: 2MP</li>\n            <li>Camera trước: 16MP</li>\n            <li>Pin: 5000mAh</li>\n        </ul>
146	HP Omen 17	Màn hình FHD 17.3 inch, chip Intel Core i7, GPU NVIDIA GeForce RTX 3080, RAM 64GB, SSD 1TB.	84999000.00	20	13	images/products/104.JPG	5	<span>Thông số kỹ thuật:</span>\n        <ul>\n            <li>Màn hình: FHD 17.3 inch, 1920 x 1080 pixel</li>\n            <li>Chip: Intel Core i7</li>\n            <li>GPU: NVIDIA GeForce RTX 3080</li>\n            <li>RAM: 64GB</li>\n            <li>Ổ cứng: SSD 1TB</li>\n        </ul>
112	Vivo V23	Màn hình AMOLED 6.44 inch, chip MediaTek Dimensity 900, camera 50MP, pin 4000mAh.	11990000.00	20	10	images/products/70.JPG	5	<span>Thông số kỹ thuật:</span>\n        <ul>\n            <li>Màn hình: AMOLED 6.44 inch, 1080 x 2400 pixel</li>\n            <li>Chip: MediaTek Dimensity 900</li>\n            <li>RAM: 8GB</li>\n            <li>ROM: 128GB</li>\n            <li>Camera chính: 50MP, camera góc siêu rộng: 8MP, camera macro: 2MP</li>\n            <li>Camera trước: 32MP</li>\n            <li>Pin: 4000mAh</li>\n        </ul>
113	Vivo Y20s	Màn hình IPS LCD 6.51 inch, chip MediaTek Helio G80, camera 13MP, pin 5000mAh.	4490000.00	20	10	images/products/71.JPG	5	<span>Thông số kỹ thuật:</span>\n        <ul>\n            <li>Màn hình: IPS LCD 6.51 inch, 720 x 1600 pixel</li>\n            <li>Chip: MediaTek Helio G80</li>\n            <li>RAM: 4GB</li>\n            <li>ROM: 128GB</li>\n            <li>Camera chính: 13MP, camera góc siêu rộng: 2MP, camera macro: 2MP</li>\n            <li>Camera trước: 8MP</li>\n            <li>Pin: 5000mAh</li>\n        </ul>
114	Vivo X50	Màn hình AMOLED 6.56 inch, chip Snapdragon 730, camera 48MP, pin 4200mAh.	11990000.00	20	10	images/products/72.JPG	5	<span>Thông số kỹ thuật:</span>\n        <ul>\n            <li>Màn hình: AMOLED 6.56 inch, 1080 x 2376 pixel</li>\n            <li>Chip: Snapdragon 730</li>\n            <li>RAM: 8GB</li>\n            <li>ROM: 128GB</li>\n            <li>Camera chính: 48MP, camera góc siêu rộng: 13MP, camera tele: 8MP</li>\n            <li>Camera trước: 32MP</li>\n            <li>Pin: 4200mAh</li>\n        </ul>
115	Vivo Y53s	Màn hình IPS LCD 6.58 inch, chip MediaTek Helio G80, camera 50MP, pin 5000mAh.	5990000.00	20	10	images/products/73.JPG	5	<span>Thông số kỹ thuật:</span>\n        <ul>\n            <li>Màn hình: IPS LCD 6.58 inch, 1080 x 2400 pixel</li>\n            <li>Chip: MediaTek Helio G80</li>\n            <li>RAM: 8GB</li>\n            <li>ROM: 128GB</li>\n            <li>Camera chính: 50MP, camera góc siêu rộng: 8MP, camera macro: 2MP</li>\n            <li>Camera trước: 16MP</li>\n            <li>Pin: 5000mAh</li>\n        </ul>
166	Asus TUF Gaming A15	Màn hình FHD 15.6 inch, chip AMD Ryzen 7, GPU NVIDIA GeForce GTX 1660 Ti, RAM 16GB, SSD 1TB.	24999000.00	20	15	images/products/124.JPG	5	<span>Thông số kỹ thuật:</span>\n        <ul>\n            <li>Màn hình: FHD 15.6 inch, 1920 x 1080 pixel</li>\n            <li>Chip: AMD Ryzen 7</li>\n            <li>GPU: NVIDIA GeForce GTX 1660 Ti</li>\n            <li>RAM: 16GB</li>\n            <li>Ổ cứng: SSD 1TB</li>\n        </ul>
116	Vivo V17	Màn hình Super AMOLED 6.44 inch, chip MediaTek Helio P65, camera 48MP, pin 4500mAh.	7990000.00	20	10	images/products/74.JPG	5	<span>Thông số kỹ thuật:</span>\n        <ul>\n            <li>Màn hình: Super AMOLED 6.44 inch, 1080 x 2400 pixel</li>\n            <li>Chip: MediaTek Helio P65</li>\n            <li>RAM: 8GB</li>\n            <li>ROM: 128GB</li>\n            <li>Camera chính: 48MP, camera góc siêu rộng: 8MP, camera macro: 2MP</li>\n            <li>Camera trước: 32MP</li>\n            <li>Pin: 4500mAh</li>\n        </ul>
117	Vivo Y30	Màn hình IPS LCD 6.47 inch, chip MediaTek Helio P35, camera 13MP, pin 5000mAh.	4290000.00	20	10	images/products/75.JPG	5	<span>Thông số kỹ thuật:</span>\n        <ul>\n            <li>Màn hình: IPS LCD 6.47 inch, 720 x 1560 pixel</li>\n            <li>Chip: MediaTek Helio P35</li>\n            <li>RAM: 4GB</li>\n            <li>ROM: 128GB</li>\n            <li>Camera chính: 13MP, camera góc siêu rộng: 8MP, camera macro: 2MP</li>\n            <li>Camera trước: 8MP</li>\n            <li>Pin: 5000mAh</li>\n        </ul>
118	Vivo Y17	Màn hình IPS LCD 6.35 inch, chip MediaTek Helio P35, camera 13MP, pin 5000mAh.	4490000.00	20	10	images/products/76.JPG	5	<span>Thông số kỹ thuật:</span>\n        <ul>\n            <li>Màn hình: IPS LCD 6.35 inch, 720 x 1544 pixel</li>\n            <li>Chip: MediaTek Helio P35</li>\n            <li>RAM: 4GB</li>\n            <li>ROM: 128GB</li>\n            <li>Camera chính: 13MP, camera góc siêu rộng: 8MP, camera macro: 2MP</li>\n            <li>Camera trước: 20MP</li>\n            <li>Pin: 5000mAh</li>\n        </ul>
119	Vivo Y12s	Màn hình IPS LCD 6.51 inch, chip MediaTek Helio P35, camera 13MP, pin 5000mAh.	3790000.00	20	10	images/products/77.JPG	5	<span>Thông số kỹ thuật:</span>\n        <ul>\n            <li>Màn hình: IPS LCD 6.51 inch, 720 x 1600 pixel</li>\n            <li>Chip: MediaTek Helio P35</li>\n            <li>RAM: 3GB</li>\n            <li>ROM: 32GB</li>\n            <li>Camera chính: 13MP, camera góc siêu rộng: 2MP, camera macro: 2MP</li>\n            <li>Camera trước: 8MP</li>\n            <li>Pin: 5000mAh</li>\n        </ul>
120	Vivo S1 Pro	Màn hình Super AMOLED 6.38 inch, chip Snapdragon 665, camera 48MP, pin 4500mAh.	6290000.00	20	10	images/products/78.JPG	5	<span>Thông số kỹ thuật:</span>\n        <ul>\n            <li>Màn hình: Super AMOLED 6.38 inch, 1080 x 2340 pixel</li>\n            <li>Chip: Snapdragon 665</li>\n            <li>RAM: 8GB</li>\n            <li>ROM: 128GB</li>\n            <li>Camera chính: 48MP, camera góc siêu rộng: 8MP, camera macro: 2MP</li>\n            <li>Camera trước: 32MP</li>\n            <li>Pin: 4500mAh</li>\n        </ul>
121	Vivo Y30 Standard Edition	Màn hình IPS LCD 6.51 inch, chip MediaTek Helio P35, camera 13MP, pin 5000mAh.	3990000.00	20	10	images/products/79.JPG	5	<span>Thông số kỹ thuật:</span>\n        <ul>\n            <li>Màn hình: IPS LCD 6.51 inch, 720 x 1600 pixel</li>\n            <li>Chip: MediaTek Helio P35</li>\n            <li>RAM: 4GB</li>\n            <li>ROM: 128GB</li>\n            <li>Camera chính: 13MP, camera góc siêu rộng: 2MP, camera macro: 2MP</li>\n            <li>Camera trước: 8MP</li>\n            <li>Pin: 5000mAh</li>\n        </ul>
122	Vivo Y19	Màn hình IPS LCD 6.53 inch, chip MediaTek Helio P65, camera 16MP, pin 5000mAh.	4990000.00	20	10	images/products/80.JPG	5	<span>Thông số kỹ thuật:</span>\n        <ul>\n            <li>Màn hình: IPS LCD 6.53 inch, 1080 x 2340 pixel</li>\n            <li>Chip: MediaTek Helio P65</li>\n            <li>RAM: 6GB</li>\n            <li>ROM: 128GB</li>\n            <li>Camera chính: 16MP, camera góc siêu rộng: 8MP, camera macro: 2MP</li>\n            <li>Camera trước: 16MP</li>\n            <li>Pin: 5000mAh</li>\n        </ul>
47	iPhone 14 Pro Max 512GB	Màn hình Super Retina XDR 6.7 inch, chip A16 Bionic mạnh mẽ, camera 48MP, pin dung lượng lớn.	59990000.00	20	6	images/products/5.JPG	5	<span>Thông số kỹ thuật:</span>\n        <ul>\n            <li>Màn hình: Super Retina XDR 6.7 inch, OLED, 2778 x 1284 pixel</li>\n            <li>Chip: A16 Bionic</li>\n            <li>RAM: 6GB</li>\n            <li>ROM: 512GB</li>\n            <li>Camera chính: 48MP, camera góc siêu rộng: 12MP, camera tele: 12MP</li>\n            <li>Camera trước: 12MP</li>\n            <li>Pin: 4352mAh</li>\n        </ul>
48	iPhone 14 Pro 512GB	Màn hình Super Retina XDR 6.1 inch, chip A16 Bionic mạnh mẽ, camera 48MP, pin dung lượng lớn.	54990000.00	20	6	images/products/6.JPG	5	<span>Thông số kỹ thuật:</span>\n        <ul>\n            <li>Màn hình: Super Retina XDR 6.1 inch, OLED, 2532 x 1170 pixel</li>\n            <li>Chip: A16 Bionic</li>\n            <li>RAM: 6GB</li>\n            <li>ROM: 512GB</li>\n            <li>Camera chính: 48MP, camera góc siêu rộng: 12MP, camera tele: 12MP</li>\n            <li>Camera trước: 12MP</li>\n            <li>Pin: 3095mAh</li>\n        </ul>
49	iPhone 14 512GB	Màn hình Super Retina XDR 6.1 inch, chip A16 Bionic mạnh mẽ, camera 48MP, pin dung lượng lớn.	54990000.00	20	6	images/products/7.JPG	5	<span>Thông số kỹ thuật:</span>\n        <ul>\n            <li>Màn hình: Super Retina XDR 6.1 inch, OLED, 2532 x 1170 pixel</li>\n            <li>Chip: A16 Bionic</li>\n            <li>RAM: 4GB</li>\n            <li>ROM: 512GB</li>\n            <li>Camera chính: 48MP, camera góc siêu rộng: 12MP, camera tele: 12MP</li>\n            <li>Camera trước: 12MP</li>\n            <li>Pin: 3095mAh</li>\n        </ul>
50	iPhone 14 mini 256GB	Màn hình Super Retina XDR 5.4 inch, chip A16 Bionic mạnh mẽ, camera 48MP, pin dung lượng lớn.	44990000.00	20	6	images/products/8.JPG	5	<span>Thông số kỹ thuật:</span>\n        <ul>\n            <li>Màn hình: Super Retina XDR 5.4 inch, OLED, 2340 x 1080 pixel</li>\n            <li>Chip: A16 Bionic</li>\n            <li>RAM: 4GB</li>\n            <li>ROM: 256GB</li>\n            <li>Camera chính: 48MP, camera góc siêu rộng: 12MP, camera tele: 12MP</li>\n            <li>Camera trước: 12MP</li>\n            <li>Pin: 2406mAh</li>\n        </ul>
123	MacBook Air M2	Màn hình Retina 13.3 inch, chip M2, RAM 8GB, SSD 256GB.	24990000.00	20	11	images/products/81.JPG	5	<span>Thông số kỹ thuật:</span>\n        <ul>\n            <li>Màn hình: Retina 13.3 inch, 2560 x 1600 pixel</li>\n            <li>Chip: Apple M2</li>\n            <li>RAM: 8GB</li>\n            <li>Ổ cứng: SSD 256GB</li>\n            <li>Pin: Li-Po 49.9Wh</li>\n        </ul>
55	iPhone 12 Pro Max 1TB	Màn hình Super Retina XDR 6.7 inch, chip A14 Bionic mạnh mẽ, camera 12MP, pin dung lượng lớn.	49990000.00	20	6	images/products/13.JPG	5	<span>Thông số kỹ thuật:</span>\n        <ul>\n            <li>Màn hình: Super Retina XDR 6.7 inch, OLED, 2778 x 1284 pixel</li>\n            <li>Chip: A14 Bionic</li>\n            <li>RAM: 6GB</li>\n            <li>ROM: 1TB</li>\n            <li>Camera chính: 12MP, camera góc siêu rộng: 12MP, camera tele: 12MP</li>\n            <li>Camera trước: 12MP</li>\n            <li>Pin: 3687mAh</li>\n        </ul>
124	MacBook Pro 14	Màn hình Mini-LED 14.2 inch, chip M2 Pro, RAM 16GB, SSD 512GB.	49990000.00	20	11	images/products/82.JPG	5	<span>Thông số kỹ thuật:</span>\n        <ul>\n            <li>Màn hình: Mini-LED 14.2 inch, 3024 x 1964 pixel</li>\n            <li>Chip: Apple M2 Pro</li>\n            <li>RAM: 16GB</li>\n            <li>Ổ cứng: SSD 512GB</li>\n            <li>Pin: Li-Po 58.2Wh</li>\n        </ul>
125	MacBook Air M2 512GB	Màn hình Retina 13.3 inch, chip M2, RAM 16GB, SSD 512GB.	29990000.00	20	11	images/products/83.JPG	5	<span>Thông số kỹ thuật:</span>\n        <ul>\n            <li>Màn hình: Retina 13.3 inch, 2560 x 1600 pixel</li>\n            <li>Chip: Apple M2</li>\n            <li>RAM: 16GB</li>\n            <li>Ổ cứng: SSD 512GB</li>\n            <li>Pin: Li-Po 49.9Wh</li>\n        </ul>
126	MacBook Pro 16	Màn hình Mini-LED 16.2 inch, chip M2 Pro, RAM 32GB, SSD 1TB.	69990000.00	20	11	images/products/84.JPG	5	<span>Thông số kỹ thuật:</span>\n        <ul>\n            <li>Màn hình: Mini-LED 16.2 inch, 3456 x 2234 pixel</li>\n            <li>Chip: Apple M2 Pro</li>\n            <li>RAM: 32GB</li>\n            <li>Ổ cứng: SSD 1TB</li>\n            <li>Pin: Li-Po 99.8Wh</li>\n        </ul>
127	MacBook Air M2 1TB	Màn hình Retina 13.3 inch, chip M2, RAM 16GB, SSD 1TB.	34990000.00	20	11	images/products/85.JPG	5	<span>Thông số kỹ thuật:</span>\n        <ul>\n            <li>Màn hình: Retina 13.3 inch, 2560 x 1600 pixel</li>\n            <li>Chip: Apple M2</li>\n            <li>RAM: 16GB</li>\n            <li>Ổ cứng: SSD 1TB</li>\n            <li>Pin: Li-Po 49.9Wh</li>\n        </ul>
128	MacBook Pro 16 M6	Màn hình Mini-LED 16.2 inch, chip M6, RAM 256GB, SSD 32TB.	24999000.00	20	11	images/products/86.JPG	5	<span>Thông số kỹ thuật:</span>\n        <ul>\n            <li>Màn hình: Mini-LED 16.2 inch, 3456 x 2234 pixel</li>\n            <li>Chip: Apple M6</li>\n            <li>RAM: 256GB</li>\n            <li>Ổ cứng: SSD 32TB</li>\n            <li>Pin: Li-Po 99.8Wh</li>\n        </ul>
129	MacBook Air M6 8TB	Màn hình Retina 13.3 inch, chip M6, RAM 64GB, SSD 8TB.	14999000.00	20	11	images/products/87.JPG	5	<span>Thông số kỹ thuật:</span>\n        <ul>\n            <li>Màn hình: Retina 13.3 inch, 2560 x 1600 pixel</li>\n            <li>Chip: Apple M6</li>\n            <li>RAM: 64GB</li>\n            <li>Ổ cứng: SSD 8TB</li>\n            <li>Pin: Li-Po 49.9Wh</li>\n        </ul>
\.


--
-- TOC entry 3387 (class 0 OID 158746)
-- Dependencies: 227
-- Data for Name: CartItems; Type: TABLE DATA; Schema: public; Owner: postgres
--

COPY public."CartItems" ("CartItemID", "CartID", "ProductID", "Quantity") FROM stdin;
1	1	51	1
2	1	43	3
\.


--
-- TOC entry 3381 (class 0 OID 158705)
-- Dependencies: 221
-- Data for Name: Orders; Type: TABLE DATA; Schema: public; Owner: postgres
--

COPY public."Orders" ("OrderID", "UserID", "OrderDate", "TotalAmount", "Status") FROM stdin;
\.


--
-- TOC entry 3383 (class 0 OID 158717)
-- Dependencies: 223
-- Data for Name: OrderDetails; Type: TABLE DATA; Schema: public; Owner: postgres
--

COPY public."OrderDetails" ("OrderDetailID", "OrderID", "ProductID", "Quantity", "Price") FROM stdin;
\.


--
-- TOC entry 3389 (class 0 OID 158763)
-- Dependencies: 229
-- Data for Name: TokenLogs; Type: TABLE DATA; Schema: public; Owner: postgres
--

COPY public."TokenLogs" ("TokenLogID", "Token", "IssuedToSystem", "IssuedDate", "ExpiryDate", "createdAt", "updatedAt") FROM stdin;
\.


--
-- TOC entry 3395 (class 0 OID 0)
-- Dependencies: 226
-- Name: CartItems_CartItemID_seq; Type: SEQUENCE SET; Schema: public; Owner: postgres
--

SELECT pg_catalog.setval('public."CartItems_CartItemID_seq"', 2, true);


--
-- TOC entry 3396 (class 0 OID 0)
-- Dependencies: 224
-- Name: Carts_CartID_seq; Type: SEQUENCE SET; Schema: public; Owner: postgres
--

SELECT pg_catalog.setval('public."Carts_CartID_seq"', 1, true);


--
-- TOC entry 3397 (class 0 OID 0)
-- Dependencies: 216
-- Name: Categories_CategoryID_seq; Type: SEQUENCE SET; Schema: public; Owner: postgres
--

SELECT pg_catalog.setval('public."Categories_CategoryID_seq"', 30, true);


--
-- TOC entry 3398 (class 0 OID 0)
-- Dependencies: 222
-- Name: OrderDetails_OrderDetailID_seq; Type: SEQUENCE SET; Schema: public; Owner: postgres
--

SELECT pg_catalog.setval('public."OrderDetails_OrderDetailID_seq"', 1, false);


--
-- TOC entry 3399 (class 0 OID 0)
-- Dependencies: 220
-- Name: Orders_OrderID_seq; Type: SEQUENCE SET; Schema: public; Owner: postgres
--

SELECT pg_catalog.setval('public."Orders_OrderID_seq"', 1, false);


--
-- TOC entry 3400 (class 0 OID 0)
-- Dependencies: 218
-- Name: Products_ProductID_seq; Type: SEQUENCE SET; Schema: public; Owner: postgres
--

SELECT pg_catalog.setval('public."Products_ProductID_seq"', 172, true);


--
-- TOC entry 3401 (class 0 OID 0)
-- Dependencies: 228
-- Name: TokenLogs_TokenLogID_seq; Type: SEQUENCE SET; Schema: public; Owner: postgres
--

SELECT pg_catalog.setval('public."TokenLogs_TokenLogID_seq"', 1, false);


--
-- TOC entry 3402 (class 0 OID 0)
-- Dependencies: 214
-- Name: Users_UserID_seq; Type: SEQUENCE SET; Schema: public; Owner: postgres
--

SELECT pg_catalog.setval('public."Users_UserID_seq"', 1, true);


-- Completed on 2024-01-27 12:13:39

--
-- PostgreSQL database dump complete
--

